scope,n,legA_species_share
all,200000,0.28852
east,163708,0.350697583502333
