scope,n,legA_species_share
all,146597,0.315736338397102
east,121336,0.379854288916727
