scope,n,legA_species_share
all,200000,0.28664
east,163632,0.348452625403344
