variable,p50,Est.Error,p025,p975,Rhat,Bulk_ESS,Tail_ESS
Intercept,2.1526445725,0.12663312414787098,1.90644575,2.4066400000000003,1.0008419788785856,1144.3044337006988,1810.2582607110346
DBH_std,-0.52328004025,0.05834134198030283,-0.63769575,-0.409784175,1.0011274622505757,4739.648850376084,3107.4339773518377
IDBH_stdE2,0.16565699155,0.026708311627086073,0.11467955000000002,0.21986937500000003,1.001131153630184,5712.842135574462,3318.016783076494
BAL_std,-0.5155585985,0.04608269905111089,-0.6061664499999999,-0.42639829999999995,0.9998412236761082,5855.603880337062,3427.2699941763703
CR_std,0.56051739,0.032365412938978204,0.49691095,0.6233656999999999,1.0025460178525258,7370.981831903152,2975.613587855062
SI_std,0.0095790302337225,0.03253378806133233,-0.05345988749999997,0.07353594000000001,1.0004070919808423,6862.249929746735,2854.1176043677137
BA_std,0.5034766075,0.0501440355567282,0.40725325,0.6051744250000001,0.9999555867039215,5675.928320128218,3259.9624523352304
