variable,Estimate,Est.Error,l-95% CI,u-95% CI,Rhat,Bulk_ESS,Tail_ESS
Intercept,-0.7012385655,0.1053080520332347,-0.9130593,-0.49782617499999987,1.0133443443703793,380.96258394435154,515.4940399363178
DBH_std,0.0983488448,0.02188898507869704,0.056379892500000015,0.14106267499999997,1.0012979221454694,2770.69304237394,2833.8604443676077
IDBH_stdE2,0.0018305202117725,0.007970494889296196,-0.0134224125,0.017170457500000003,1.0014801847013755,5049.448714968037,3395.72559723356
BA_std,-0.13908601895,0.01967144979956091,-0.17656102499999998,-0.1013851,1.001173750681442,2801.6492389174036,3102.193263654276
BAL_std,-0.22327430075,0.022013149024975923,-0.26612404999999995,-0.180163025,1.0020134300855843,2587.425433079539,2812.098669002673
CR_std,-1.46487511,0.014463268379621365,-1.49321,-1.4366565,1.0020062814893613,5751.445311420486,2850.2713138062827
SI_std,0.02664357212813,0.014334591979771282,-0.0011770524999999924,0.054813307500000005,1.0000302233773553,5530.413466472971,2780.702718599899
