{
  "variant": "nc",
  "variant_name": "North Central",
  "maxsp": 12,
  "files_parsed": [
    "blkdat.f90",
    "crown.f90",
    "dgf.f90",
    "htdbh.f90",
    "htgf.f90",
    "sitset.f90"
  ],
  "categories": {
    "growth": {
      "WEIBB1": [
        1.00677,
        1.05987,
        1.00677,
        1.01272,
        1.10297,
        1.05398,
        1.10705,
        1.06474,
        1.0815,
        1.09499,
        1.06474,
        0.0
      ]
    },
    "crown": {
      "CRNMLT": [
        1.0,
        1.0,
        1.0,
        1.0,
        1.0,
        1.0,
        1.0,
        1.0,
        1.0,
        1.0,
        1.0,
        1.0
      ],
      "DLOW": [
        0.0,
        0.0,
        0.0,
        0.0,
        0.0,
        0.0,
        0.0,
        0.0,
        0.0,
        0.0,
        0.0,
        0.0
      ],
      "DHI": [
        99.0,
        99.0,
        99.0,
        99.0,
        99.0,
        99.0,
        99.0,
        99.0,
        99.0,
        99.0,
        99.0,
        99.0
      ]
    },
    "species_definitions": {
      "JTYPE": [
        130.0,
        170.0,
        250.0,
        260.0,
        280.0,
        290.0,
        310.0,
        320.0,
        330.0,
        420.0,
        470.0,
        510.0,
        520.0,
        530.0,
        540.0,
        550.0,
        570.0,
        610.0,
        620.0,
        640.0,
        660.0,
        670.0,
        680.0,
        690.0,
        710.0,
        720.0,
        730.0,
        830.0,
        850.0,
        999.0,
        0.0,
        0.0,
        0.0,
        0.0,
        0.0,
        0.0,
        0.0,
        0.0,
        0.0,
        0.0,
        0.0,
        0.0,
        0.0,
        0.0,
        0.0,
        0.0,
        0.0,
        0.0,
        0.0,
        0.0,
        0.0,
        0.0,
        0.0,
        0.0,
        0.0,
        0.0,
        0.0,
        0.0,
        0.0,
        0.0,
        0.0,
        0.0,
        0.0,
        0.0,
        0.0,
        0.0,
        0.0,
        0.0,
        0.0,
        0.0,
        0.0,
        0.0,
        0.0,
        0.0,
        0.0,
        0.0,
        0.0,
        0.0,
        0.0,
        0.0,
        0.0,
        0.0,
        0.0,
        0.0,
        0.0,
        0.0,
        0.0,
        0.0,
        0.0,
        0.0,
        0.0,
        0.0,
        0.0,
        0.0,
        0.0,
        0.0,
        0.0,
        0.0,
        0.0,
        0.0,
        0.0,
        0.0,
        0.0,
        0.0,
        0.0,
        0.0,
        0.0,
        0.0,
        0.0,
        0.0,
        0.0,
        0.0,
        0.0,
        0.0,
        0.0,
        0.0,
        0.0,
        0.0,
        0.0,
        0.0,
        0.0,
        0.0
      ],
      "JSP": [
        "OS ",
        "SP ",
        "DF ",
        "WF ",
        "MA ",
        "IC ",
        "BO ",
        "TO ",
        "RF ",
        "PP ",
        "OH ",
        "RW "
      ],
      "FIAJSP": [
        "299",
        "117",
        "202",
        "015",
        "361",
        "081",
        "818",
        "631",
        "020",
        "122",
        "998",
        "211"
      ],
      "PLNJSP": [
        "2TN   ",
        "PILA  ",
        "PSME  ",
        "ABCO  ",
        "ARME  ",
        "CADE27",
        "QUKE  ",
        "LIDE3 ",
        "ABMA  ",
        "PIPO  ",
        "2TB   ",
        "SESE3 "
      ],
      "NSP": [
        "OS1",
        "SP1",
        "DF1",
        "WF1",
        "MA1",
        "IC1",
        "BO1",
        "TO1",
        "RF1",
        "PP1",
        "OH1",
        "RW1",
        "OS2",
        "SP2",
        "DF2",
        "WF2",
        "MA2",
        "IC2",
        "BO2",
        "TO2",
        "RF2",
        "PP2",
        "OH2",
        "RW2",
        "OS3",
        "SP3",
        "DF3",
        "WF3",
        "MA3",
        "IC3",
        "BO3",
        "TO3",
        "RF3",
        "PP3",
        "OH3",
        "RW3"
      ]
    },
    "other": {
      "YR": [
        5.0
      ],
      "IRECNT": [
        0.0
      ],
      "ICCODE": [
        0.0
      ],
      "JOTREE": [
        15.0,
        2.0,
        3.0,
        16.0,
        4.0,
        8.0
      ],
      "XMIN": [
        1.0,
        1.0,
        1.0,
        0.5,
        1.0,
        0.5,
        0.5,
        1.0,
        0.5,
        1.0,
        1.0,
        1.0
      ],
      "DBHMID": [
        1.0,
        3.0,
        5.0,
        7.0,
        9.0,
        12.0,
        16.0,
        20.0,
        24.0,
        28.0
      ],
      "ISPSPE": [
        5.0,
        7.0,
        8.0,
        12.0
      ],
      "BNORML": [
        1.0,
        1.0,
        1.0,
        1.046,
        1.093,
        1.139,
        1.186,
        1.232,
        1.278,
        1.325,
        1.371,
        1.418,
        1.464,
        1.51,
        1.557,
        1.603,
        1.649,
        1.696,
        1.742,
        1.789
      ],
      "HHTMAX": [
        27.0,
        31.0,
        25.0,
        25.0,
        26.0,
        24.0,
        28.0,
        20.0,
        20.0,
        18.0,
        26.0,
        25.0
      ],
      "IFORCD": [
        103.0,
        104.0,
        105.0,
        106.0,
        621.0,
        110.0,
        113.0,
        114.0,
        116.0,
        117.0,
        118.0,
        109.0,
        111.0,
        112.0,
        412.0,
        402.0,
        108.0,
        102.0,
        115.0,
        0.0
      ],
      "IFORST": [
        3.0,
        4.0,
        5.0,
        4.0,
        7.0,
        10.0,
        4.0,
        14.0,
        16.0,
        17.0,
        4.0,
        9.0,
        11.0,
        12.0,
        19.0,
        20.0,
        11.0,
        9.0,
        12.0,
        4.0
      ],
      "HT1": [
        4.78737,
        4.74961,
        4.78737,
        4.80268,
        4.73881,
        4.89619,
        4.8042,
        4.66181,
        4.83642,
        4.23251,
        4.66181,
        5.3401
      ],
      "HT2": [
        -7.31698,
        -7.19103,
        -7.31698,
        -8.40657,
        -9.44913,
        -12.55873,
        -9.92422,
        -8.33117,
        -7.04795,
        -8.31711,
        -8.33117,
        -15.9354
      ],
      "SIGMAR": [
        0.33,
        0.2713,
        0.33,
        0.33,
        0.3306,
        0.3513,
        0.3541,
        0.3558,
        0.3136,
        0.1954,
        0.3558,
        0.6178
      ],
      "REGNBK": [
        2.999
      ],
      "SS": [
        55329.0
      ],
      "JOSCRN": [
        6.0
      ],
      "JOSUME": [
        13.0
      ],
      "FSTOPEN": [
        27.0
      ],
      "MYACTS": [
        81.0
      ],
      "WEIBA": [
        0.0,
        0.0,
        0.0,
        0.0,
        0.0,
        0.0,
        0.0,
        0.0,
        0.0,
        0.0,
        0.0,
        0.0
      ],
      "WEIBB0": [
        0.52909,
        0.25115,
        0.52909,
        0.48464,
        0.08402,
        0.29964,
        0.06607,
        0.25667,
        0.16601,
        0.03685,
        0.25667,
        0.0
      ],
      "WEIBC0": [
        -3.48211,
        0.33383,
        -3.48211,
        -2.78353,
        0.91078,
        -1.0927,
        2.04714,
        0.11729,
        0.9142,
        4.0134,
        0.11729,
        0.0
      ],
      "WEIBC1": [
        1.3878,
        0.63833,
        1.3878,
        1.27283,
        0.45819,
        0.80687,
        0.1507,
        0.61681,
        0.45768,
        0.04946,
        0.61681,
        0.0
      ],
      "C0": [
        7.48846,
        6.92893,
        7.48846,
        7.44422,
        3.64292,
        5.12357,
        6.82187,
        5.95912,
        6.14578,
        6.04928,
        5.95912,
        0.0
      ],
      "C1": [
        -0.02899,
        -0.04053,
        -0.02899,
        -0.04779,
        -0.00317,
        -0.01042,
        -0.02247,
        -0.01812,
        -0.02781,
        -0.01091,
        -0.01812,
        0.0
      ],