VARIANT,n,mean_obs_BA,BA_RMSE_calib,BA_RMSE_default,BA_bias_calib,BA_bias_default,BA_pctRMSE_calib,BA_pctRMSE_default,BA_pctBias_calib,BA_pctBias_default,pctRMSE_reduction,VOL_pctRMSE_calib,VOL_pctRMSE_default,VOL_pctRMSE_reduction,region
ACD_acadian,13693,100.861912955429,28.7702954485152,25.50470419978,11.7662727579686,-5.7927965263116,28.5244396080697,25.2867543877048,51.5639934563523,29.7127907580954,-3.2376852203649,30.5919271069163,32.7482676834315,2.1563405765152,Northeast (Acadian)
NE_acadian,16453,97.117479469856,22.524726161076,21.5916900852422,7.17590799233577,-6.94200934254487,23.1932771361384,22.2325478411371,27.320064955262,10.9159384670937,-0.960729295001297,24.1580471977672,28.121612566939,3.9635653691718,Northeast
OVERALL_acadian,111777,87.2861657652462,33.0160352734462,31.0544458535589,9.95224775165712,-4.49069873364166,37.8250493465848,35.5777408496543,109.323534226261,80.9750989287317,-2.2473084969305,40.0517458647895,48.2636992529664,8.21195338817689,All
